Country Name,Country Code,Indicator Name,Indicator Code,2007,2008,2009,2010,2011,2012,2013,2014,2015,2016,2017,2018,2019
Aruba,ABW,Wholesale price index (2010 = 100),FP.WPI.TOTL,,,,,,,,,,,,,
Afghanistan,AFG,Wholesale price index (2010 = 100),FP.WPI.TOTL,,,,,,,,,,,,,
Angola,AGO,Wholesale price index (2010 = 100),FP.WPI.TOTL,,80.09992442,88.67602898,100,111.8899144,117.8407805,127.7201994,136.2964228,148.7958474,179.1393913,220.3805932,,
Albania,ALB,Wholesale price index (2010 = 100),FP.WPI.TOTL,,,,,,,,,,,,,
Andorra,AND,Wholesale price index (2010 = 100),FP.WPI.TOTL,,,,,,,,,,,,,
Arab World,ARB,Wholesale price index (2010 = 100),FP.WPI.TOTL,,,,,,,,,,,,,
United Arab Emirates,ARE,Wholesale price index (2010 = 100),FP.WPI.TOTL,,,,,,,,,,,,,
Argentina,ARG,Wholesale price index (2010 = 100),FP.WPI.TOTL,,,,,,,,,,,,,
Armenia,ARM,Wholesale price index (2010 = 100),FP.WPI.TOTL,,,,,,,,,,,,,
American Samoa,ASM,Wholesale price index (2010 = 100),FP.WPI.TOTL,,,,,,,,,,,,,
Antigua and Barbuda,ATG,Wholesale price index (2010 = 100),FP.WPI.TOTL,,,,,,,,,,,,,
Australia,AUS,Wholesale price index (2010 = 100),FP.WPI.TOTL,,,,,,,,,,,,,
Austria,AUT,Wholesale price index (2010 = 100),FP.WPI.TOTL,96.04899017,102.2309876,94.66607706,100,108.3159759,110.8907596,109.6741951,107.5410407,103.7668643,101.3456375,106.0583825,110.5030632,
Azerbaijan,AZE,Wholesale price index (2010 = 100),FP.WPI.TOTL,,,,,,,,,,,,,
Burundi,BDI,Wholesale price index (2010 = 100),FP.WPI.TOTL,,,,,,,,,,,,,
Belgium,BEL,Wholesale price index (2010 = 100),FP.WPI.TOTL,,,,,,,,,,,,,
Benin,BEN,Wholesale price index (2010 = 100),FP.WPI.TOTL,,,,,,,,,,,,,
Burkina Faso,BFA,Wholesale price index (2010 = 100),FP.WPI.TOTL,,,,,,,,,,,,,
Bangladesh,BGD,Wholesale price index (2010 = 100),FP.WPI.TOTL,,,,,,,,,,,,,
Bulgaria,BGR,Wholesale price index (2010 = 100),FP.WPI.TOTL,,,,,,,,,,,,,
Bahrain,BHR,Wholesale price index (2010 = 100),FP.WPI.TOTL,,,,,,,,,,,,,
"Bahamas, The",BHS,Wholesale price index (2010 = 100),FP.WPI.TOTL,,,,,,,,,,,,,
Bosnia and Herzegovina,BIH,Wholesale price index (2010 = 100),FP.WPI.TOTL,,,,,,,,,,,,,
Belarus,BLR,Wholesale price index (2010 = 100),FP.WPI.TOTL,,,,,,,,,,,,,
Belize,BLZ,Wholesale price index (2010 = 100),FP.WPI.TOTL,,,,,,,,,,,,,
Bermuda,BMU,Wholesale price index (2010 = 100),FP.WPI.TOTL,,,,,,,,,,,,,
Bolivia,BOL,Wholesale price index (2010 = 100),FP.WPI.TOTL,,,,,,,,,,,,,
Brazil,BRA,Wholesale price index (2010 = 100),FP.WPI.TOTL,78.85658027,95.97657083,93.64499635,100,117.6456799,129.4077223,135.7161761,140.6275001,153.0551535,184.2984331,,,
Barbados,BRB,Wholesale price index (2010 = 100),FP.WPI.TOTL,,,,,,,,,,,,,
Brunei Darussalam,BRN,Wholesale price index (2010 = 100),FP.WPI.TOTL,,,,,,,,,,,,,
Bhutan,BTN,Wholesale price index (2010 = 100),FP.WPI.TOTL,,,,,,,,,,,,,
Botswana,BWA,Wholesale price index (2010 = 100),FP.WPI.TOTL,,,,,,,,,,,,,
Central African Republic,CAF,Wholesale price index (2010 = 100),FP.WPI.TOTL,,,,,,,,,,,,,
Canada,CAN,Wholesale price index (2010 = 100),FP.WPI.TOTL,,,,,,,,,,,,,
Central Europe and the Baltics,CEB,Wholesale price index (2010 = 100),FP.WPI.TOTL,,,,,,,,,,,,,
Switzerland,CHE,Wholesale price index (2010 = 100),FP.WPI.TOTL,,,,,,,,,,,,,
Channel Islands,CHI,Wholesale price index (2010 = 100),FP.WPI.TOTL,,,,,,,,,,,,,
Chile,CHL,Wholesale price index (2010 = 100),FP.WPI.TOTL,,,,,,,,,,,,,
China,CHN,Wholesale price index (2010 = 100),FP.WPI.TOTL,,,,,,,,,,,,,
Cote d'Ivoire,CIV,Wholesale price index (2010 = 100),FP.WPI.TOTL,,,,,,,,,,,,,
Cameroon,CMR,Wholesale price index (2010 = 100),FP.WPI.TOTL,,,,,,,,,,,,,
"Congo, Dem. Rep.",COD,Wholesale price index (2010 = 100),FP.WPI.TOTL,,,,,,,,,,,,,
"Congo, Rep.",COG,Wholesale price index (2010 = 100),FP.WPI.TOTL,,,,,,,,,,,,,
Colombia,COL,Wholesale price index (2010 = 100),FP.WPI.TOTL,,,,,,,,,,,,,
Comoros,COM,Wholesale price index (2010 = 100),FP.WPI.TOTL,,,,,,,,,,,,,
Cabo Verde,CPV,Wholesale price index (2010 = 100),FP.WPI.TOTL,,,,,,,,,,,,,
Costa Rica,CRI,Wholesale price index (2010 = 100),FP.WPI.TOTL,,,,,,,,,,,,,
Caribbean small states,CSS,Wholesale price index (2010 = 100),FP.WPI.TOTL,,,,,,,,,,,,,
Cuba,CUB,Wholesale price index (2010 = 100),FP.WPI.TOTL,,,,,,,,,,,,,
Curacao,CUW,Wholesale price index (2010 = 100),FP.WPI.TOTL,,,,,,,,,,,,,
Cayman Islands,CYM,Wholesale price index (2010 = 100),FP.WPI.TOTL,,,,,,,,,,,,,
Cyprus,CYP,Wholesale price index (2010 = 100),FP.WPI.TOTL,91.10342881,98.20798645,99.33681388,100,102.9137858,105.0021166,,,,,,,
Czech Republic,CZE,Wholesale price index (2010 = 100),FP.WPI.TOTL,,,,,,,,,,,,,
Germany,DEU,Wholesale price index (2010 = 100),FP.WPI.TOTL,,,,,,,,,,,,,
Djibouti,DJI,Wholesale price index (2010 = 100),FP.WPI.TOTL,,,,,,,,,,,,,
Dominica,DMA,Wholesale price index (2010 = 100),FP.WPI.TOTL,,,,,,,,,,,,,
Denmark,DNK,Wholesale price index (2010 = 100),FP.WPI.TOTL,,,,,,,,,,,,,
Dominican Republic,DOM,Wholesale price index (2010 = 100),FP.WPI.TOTL,,,,,,,,,,,,,
Algeria,DZA,Wholesale price index (2010 = 100),FP.WPI.TOTL,,,,,,,,,,,,,
East Asia & Pacific (excluding high income),EAP,Wholesale price index (2010 = 100),FP.WPI.TOTL,,,,,,,,,,,,,
Early-demographic dividend,EAR,Wholesale price index (2010 = 100),FP.WPI.TOTL,,,,,,,,,,,,,
East Asia & Pacific,EAS,Wholesale price index (2010 = 100),FP.WPI.TOTL,,,,,,,,,,,,,
Europe & Central Asia (excluding high income),ECA,Wholesale price index (2010 = 100),FP.WPI.TOTL,,,,,,,,,,,,,
Europe & Central Asia,ECS,Wholesale price index (2010 = 100),FP.WPI.TOTL,,,,,,,,,,,,,
Ecuador,ECU,Wholesale price index (2010 = 100),FP.WPI.TOTL,,,,,,,,,,,,,
"Egypt, Arab Rep.",EGY,Wholesale price index (2010 = 100),FP.WPI.TOTL,77.68520377,94.10258984,88.79241116,100,114.7560731,117.5767918,121.5217828,126.7767517,122.8066653,111.4836378,,,
Euro area,EMU,Wholesale price index (2010 = 100),FP.WPI.TOTL,,,,,,,,,,,,,
Eritrea,ERI,Wholesale price index (2010 = 100),FP.WPI.TOTL,,,,,,,,,,,,,
Spain,ESP,Wholesale price index (2010 = 100),FP.WPI.TOTL,,,,,,,,,,,,,
Estonia,EST,Wholesale price index (2010 = 100),FP.WPI.TOTL,,,,,,,,,,,,,
Ethiopia,ETH,Wholesale price index (2010 = 100),FP.WPI.TOTL,,,,,,,,,,,,,
European Union,EUU,Wholesale price index (2010 = 100),FP.WPI.TOTL,,,,,,,,,,,,,
Fragile and conflict affected situations,FCS,Wholesale price index (2010 = 100),FP.WPI.TOTL,,,,,,,,,,,,,
Finland,FIN,Wholesale price index (2010 = 100),FP.WPI.TOTL,,,,,,,,,,,,,
Fiji,FJI,Wholesale price index (2010 = 100),FP.WPI.TOTL,,,,,,,,,,,,,
France,FRA,Wholesale price index (2010 = 100),FP.WPI.TOTL,,,,,,,,,,,,,
Faroe Islands,FRO,Wholesale price index (2010 = 100),FP.WPI.TOTL,,,,,,,,,,,,,
"Micronesia, Fed. Sts.",FSM,Wholesale price index (2010 = 100),FP.WPI.TOTL,,,,,,,,,,,,,
Gabon,GAB,Wholesale price index (2010 = 100),FP.WPI.TOTL,,,,,,,,,,,,,
United Kingdom,GBR,Wholesale price index (2010 = 100),FP.WPI.TOTL,,,,,,,,,,,,,
Georgia,GEO,Wholesale price index (2010 = 100),FP.WPI.TOTL,,,,,,,,,,,,,
Ghana,GHA,Wholesale price index (2010 = 100),FP.WPI.TOTL,,,,,,,,,,,,,
Gibraltar,GIB,Wholesale price index (2010 = 100),FP.WPI.TOTL,,,,,,,,,,,,,
Guinea,GIN,Wholesale price index (2010 = 100),FP.WPI.TOTL,,,,,,,,,,,,,
"Gambia, The",GMB,Wholesale price index (2010 = 100),FP.WPI.TOTL,,,,,,,,,,,,,
Guinea-Bissau,GNB,Wholesale price index (2010 = 100),FP.WPI.TOTL,,,,,,,,,,,,,
Equatorial Guinea,GNQ,Wholesale price index (2010 = 100),FP.WPI.TOTL,,,,,,,,,,,,,
Greece,GRC,Wholesale price index (2010 = 100),FP.WPI.TOTL,,,,,,,,,,,,,
Grenada,GRD,Wholesale price index (2010 = 100),FP.WPI.TOTL,,,,,,,,,,,,,
Greenland,GRL,Wholesale price index (2010 = 100),FP.WPI.TOTL,,,,,,,,,,,,,
Guatemala,GTM,Wholesale price index (2010 = 100),FP.WPI.TOTL,,,,,,,,,,,,,
Guam,GUM,Wholesale price index (2010 = 100),FP.WPI.TOTL,,,,,,,,,,,,,
Guyana,GUY,Wholesale price index (2010 = 100),FP.WPI.TOTL,,,,,,,,,,,,,
High income,HIC,Wholesale price index (2010 = 100),FP.WPI.TOTL,,,,,,,,,,,,,
"Hong Kong SAR, China",HKG,Wholesale price index (2010 = 100),FP.WPI.TOTL,,,,,,,,,,,,,
Honduras,HND,Wholesale price index (2010 = 100),FP.WPI.TOTL,,,,,,,,,,,,,
Heavily indebted poor countries (HIPC),HPC,Wholesale price index (2010 = 100),FP.WPI.TOTL,,,,,,,,,,,,,
Croatia,HRV,Wholesale price index (2010 = 100),FP.WPI.TOTL,,,,,,,,,,,,,
Haiti,HTI,Wholesale price index (2010 = 100),FP.WPI.TOTL,,,,,,,,,,,,,
Hungary,HUN,Wholesale price index (2010 = 100),FP.WPI.TOTL,,,,,,,,,,,,,
IBRD only,IBD,Wholesale price index (2010 = 100),FP.WPI.TOTL,,,,,,,,,,,,,
IDA & IBRD total,IBT,Wholesale price index (2010 = 100),FP.WPI.TOTL,,,,,,,,,,,,,
IDA total,IDA,Wholesale price index (2010 = 100),FP.WPI.TOTL,,,,,,,,,,,,,
IDA blend,IDB,Wholesale price index (2010 = 100),FP.WPI.TOTL,,,,,,,,,,,,,
Indonesia,IDN,Wholesale price index (2010 = 100),FP.WPI.TOTL,114.4134946,143.9522432,95.38113569,100,107.4610169,112.9562686,111.1434071,77.63795529,81.04824527,87.44040175,91.50334141,96.49200797,
IDA only,IDX,Wholesale price index (2010 = 100),FP.WPI.TOTL,,,,,,,,,,,,,
Isle of Man,IMN,Wholesale price index (2010 = 100),FP.WPI.TOTL,,,,,,,,,,,,,
India,IND,Wholesale price index (2010 = 100),FP.WPI.TOTL,82.05234979,89.17311124,91.27305175,100,109.4705532,117.733492,124.772416,128.9564572,123.9393518,123.8738299,128.1327533,133.5991518,136.1170647
Not classified,INX,Wholesale price index (2010 = 100),FP.WPI.TOTL,,,,,,,,,,,,,
Ireland,IRL,Wholesale price index (2010 = 100),FP.WPI.TOTL,,,,,,,,,,,,,
"Iran, Islamic Rep.",IRN,Wholesale price index (2010 = 100),FP.WPI.TOTL,126.2043866,,,,,,,,,,,,
Iraq,IRQ,Wholesale price index (2010 = 100),FP.WPI.TOTL,,,,,,,,,,,,,
Iceland,ISL,Wholesale price index (2010 = 100),FP.WPI.TOTL,,,,,,,,,,,,,
Israel,ISR,Wholesale price index (2010 = 100),FP.WPI.TOTL,93.69537275,102.6928021,96.17252214,100,107.762068,112.4250214,112.9028278,111.3569837,104.8269637,101.0326193,,,
Italy,ITA,Wholesale price index (2010 = 100),FP.WPI.TOTL,,,,,,,,,,,,,
Jamaica,JAM,Wholesale price index (2010 = 100),FP.WPI.TOTL,,,,,,,,,,,,,
Jordan,JOR,Wholesale price index (2010 = 100),FP.WPI.TOTL,80.01746894,95.5615942,96.44798137,100,,,,,,,,,
Japan,JPN,Wholesale price index (2010 = 100),FP.WPI.TOTL,,,,,,,,,,,,,
Kazakhstan,KAZ,Wholesale price index (2010 = 100),FP.WPI.TOTL,80.36397903,94.21638495,94.23994346,100,111.3610931,113.1279816,120.5194652,129.8074092,127.0451734,150.7509276,160.4040285,,
Kenya,KEN,Wholesale price index (2010 = 100),FP.WPI.TOTL,,,,,,,,,,,,,
Kyrgyz Republic,KGZ,Wholesale price index (2010 = 100),FP.WPI.TOTL,,,,,,,,,,,,,
Cambodia,KHM,Wholesale price index (2010 = 100),FP.WPI.TOTL,,,,,,,,,,,,,
Kiribati,KIR,Wholesale price index (2010 = 100),FP.WPI.TOTL,,,,,,,,,,,,,
St. Kitts and Nevis,KNA,Wholesale price index (2010 = 100),FP.WPI.TOTL,,,,,,,,,,,,,
"Korea, Rep.",KOR,Wholesale price index (2010 = 100),FP.WPI.TOTL,,,,,,,,,,,,,
Kuwait,KWT,Wholesale price index (2010 = 100),FP.WPI.TOTL,89.75774385,95.5919972,95.68175494,100,103.8497096,106.0412945,109.6690034,112.3318164,115.6827722,117.1562952,120.7914838,,
Latin America & Caribbean (excluding high income),LAC,Wholesale price index (2010 = 100),FP.WPI.TOTL,,,,,,,,,,,,,
Lao PDR,LAO,Wholesale price index (2010 = 100),FP.WPI.TOTL,,,,,,,,,,,,,
Lebanon,LBN,Wholesale price index (2010 = 100),FP.WPI.TOTL,,,,,,,,,,,,,
Liberia,LBR,Wholesale price index (2010 = 100),FP.WPI.TOTL,,,,,,,,,,,,,
Libya,LBY,Wholesale price index (2010 = 100),FP.WPI.TOTL,,,,,,,,,,,,,
St. Lucia,LCA,Wholesale price index (2010 = 100),FP.WPI.TOTL,,,,,,,,,,,,,
Latin America & Caribbean,LCN,Wholesale price index (2010 = 100),FP.WPI.TOTL,,,,,,,,,,,,,
Least developed countries: UN classification,LDC,Wholesale price index (2010 = 100),FP.WPI.TOTL,,,,,,,,,,,,,
Low income,LIC,Wholesale price index (2010 = 100),FP.WPI.TOTL,,,,,,,,,,,,,
Liechtenstein,LIE,Wholesale price index (2010 = 100),FP.WPI.TOTL,,,,,,,,,,,,,
Sri Lanka,LKA,Wholesale price index (2010 = 100),FP.WPI.TOTL,75.11882286,93.85068691,89.93505521,100,110.6201388,114.4942592,125.0414637,129.0014476,130.302299,135.7286738,145.7637502,150.7039412,
Lower middle income,LMC,Wholesale price index (2010 = 100),FP.WPI.TOTL,,,,,,,,,,,,,
Low & middle income,LMY,Wholesale price index (2010 = 100),FP.WPI.TOTL,,,,,,,,,,,,,
Lesotho,LSO,Wholesale price index (2010 = 100),FP.WPI.TOTL,,,,,,,,,,,,,
Late-demographic dividend,LTE,Wholesale price index (2010 = 100),FP.WPI.TOTL,,,,,,,,,,,,,
Lithuania,LTU,Wholesale price index (2010 = 100),FP.WPI.TOTL,,,,,,,,,,,,,
Luxembourg,LUX,Wholesale price index (2010 = 100),FP.WPI.TOTL,,,,,,,,,,,,,
Latvia,LVA,Wholesale price index (2010 = 100),FP.WPI.TOTL,,,,,,,,,,,,,
"Macao SAR, China",MAC,Wholesale price index (2010 = 100),FP.WPI.TOTL,,,,,,,,,,,,,
St. Martin (French part),MAF,Wholesale price index (2010 = 100),FP.WPI.TOTL,,,,,,,,,,,,,
Morocco,MAR,Wholesale price index (2010 = 100),FP.WPI.TOTL,,,,,,,,,,,,,
Monaco,MCO,Wholesale price index (2010 = 100),FP.WPI.TOTL,,,,,,,,,,,,,
Moldova,MDA,Wholesale price index (2010 = 100),FP.WPI.TOTL,,,,,,,,,,,,,
Madagascar,MDG,Wholesale price index (2010 = 100),FP.WPI.TOTL,,,,,,,,,,,,,
Maldives,MDV,Wholesale price index (2010 = 100),FP.WPI.TOTL,,,,,,,,,,,,,
Middle East & North Africa,MEA,Wholesale price index (2010 = 100),FP.WPI.TOTL,,,,,,,,,,,,,
Mexico,MEX,Wholesale price index (2010 = 100),FP.WPI.TOTL,,,,,,,,,,,,,
Marshall Islands,MHL,Wholesale price index (2010 = 100),FP.WPI.TOTL,,,,,,,,,,,,,
Middle income,MIC,Wholesale price index (2010 = 100),FP.WPI.TOTL,,,,,,,,,,,,,
North Macedonia,MKD,Wholesale price index (2010 = 100),FP.WPI.TOTL,,,,,,,,,,,,,
Mali,MLI,Wholesale price index (2010 = 100),FP.WPI.TOTL,,,,,,,,,,,,,
Malta,MLT,Wholesale price index (2010 = 100),FP.WPI.TOTL,,,,,,,,,,,,,
Myanmar,MMR,Wholesale price index (2010 = 100),FP.WPI.TOTL,,,,,,,,,,,,,
Middle East & North Africa (excluding high income),MNA,Wholesale price index (2010 = 100),FP.WPI.TOTL,,,,,,,,,,,,,
Montenegro,MNE,Wholesale price index (2010 = 100),FP.WPI.TOTL,,,,,,,,,,,,,
Mongolia,MNG,Wholesale price index (2010 = 100),FP.WPI.TOTL,,,,,,,,,,,,,
Northern Mariana Islands,MNP,Wholesale price index (2010 = 100),FP.WPI.TOTL,,,,,,,,,,,,,
Mozambique,MOZ,Wholesale price index (2010 = 100),FP.WPI.TOTL,,,,,,,,,,,,,
Mauritania,MRT,Wholesale price index (2010 = 100),FP.WPI.TOTL,,,,,,,,,,,,,
Mauritius,MUS,Wholesale price index (2010 = 100),FP.WPI.TOTL,,,,,,,,,,,,,
Malawi,MWI,Wholesale price index (2010 = 100),FP.WPI.TOTL,,,,,,,,,,,,,
Malaysia,MYS,Wholesale price index (2010 = 100),FP.WPI.TOTL,,,,,,,,,,,,,
North America,NAC,Wholesale price index (2010 = 100),FP.WPI.TOTL,,,,,,,,,,,,,
Namibia,NAM,Wholesale price index (2010 = 100),FP.WPI.TOTL,,,,,,,,,,,,,
New Caledonia,NCL,Wholesale price index (2010 = 100),FP.WPI.TOTL,,,,,,,,,,,,,
Niger,NER,Wholesale price index (2010 = 100),FP.WPI.TOTL,,,,,,,,,,,,,
Nigeria,NGA,Wholesale price index (2010 = 100),FP.WPI.TOTL,,,,,,,,,,,,,
Nicaragua,NIC,Wholesale price index (2010 = 100),FP.WPI.TOTL,,,,,,,,,,,,,
Netherlands,NLD,Wholesale price index (2010 = 100),FP.WPI.TOTL,,,,,,,,,,,,,
Norway,NOR,Wholesale price index (2010 = 100),FP.WPI.TOTL,,,,,,,,,,,,,
Nepal,NPL,Wholesale price index (2010 = 100),FP.WPI.TOTL,,,,,,,,,,,,,
Nauru,NRU,Wholesale price index (2010 = 100),FP.WPI.TOTL,,,,,,,,,,,,,
New Zealand,NZL,Wholesale price index (2010 = 100),FP.WPI.TOTL,,,,,,,,,,,,,
OECD members,OED,Wholesale price index (2010 = 100),FP.WPI.TOTL,,,,,,,,,,,,,
Oman,OMN,Wholesale price index (2010 = 100),FP.WPI.TOTL,,,,,,,,,,,,,
Other small states,OSS,Wholesale price index (2010 = 100),FP.WPI.TOTL,,,,,,,,,,,,,
Pakistan,PAK,Wholesale price index (2010 = 100),FP.WPI.TOTL,62.41456916,78.21623603,83.89943127,100,118.8338307,127.2723689,137.1839631,143.7276874,140.1081142,142.4534039,147.3985022,159.601892,180.0123881
Panama,PAN,Wholesale price index (2010 = 100),FP.WPI.TOTL,89.11814153,103.1789699,96.27082378,100,111.8600031,117.1328137,117.3009323,115.3904937,108.8033012,107.9168577,,,
Peru,PER,Wholesale price index (2010 = 100),FP.WPI.TOTL,91.78056954,99.95547112,98.20120596,100,106.3378617,108.2208015,108.6328642,110.6241981,112.5844958,114.4868776,115.6540162,117.5665992,118.9489619
Philippines,PHL,Wholesale price index (2010 = 100),FP.WPI.TOTL,88.08262494,98.51340807,94.43554679,100,108.6526221,109.8722845,111.6299125,114.6770153,110.2377726,111.4985011,116.3853641,124.5616196,
Palau,PLW,Wholesale price index (2010 = 100),FP.WPI.TOTL,,,,,,,,,,,,,
Papua New Guinea,PNG,Wholesale price index (2010 = 100),FP.WPI.TOTL,,,,,,,,,,,,,
Poland,POL,Wholesale price index (2010 = 100),FP.WPI.TOTL,,,,,,,,,,,,,
Pre-demographic dividend,PRE,Wholesale price index (2010 = 100),FP.WPI.TOTL,,,,,,,,,,,,,
Puerto Rico,PRI,Wholesale price index (2010 = 100),FP.WPI.TOTL,,,,,,,,,,,,,
"Korea, Dem. People’s Rep.",PRK,Wholesale price index (2010 = 100),FP.WPI.TOTL,,,,,,,,,,,,,
Portugal,PRT,Wholesale price index (2010 = 100),FP.WPI.TOTL,,,,,,,,,,,,,
Paraguay,PRY,Wholesale price index (2010 = 100),FP.WPI.TOTL,,,,,,,,,,,,,
West Bank and Gaza,PSE,Wholesale price index (2010 = 100),FP.WPI.TOTL,87.68950006,97.07986772,96.4301748,100,103.7602409,104.7238115,105.5415456,107.1081651,108.4066084,110.1637519,108.874534,110.020271,
Pacific island small states,PSS,Wholesale price index (2010 = 100),FP.WPI.TOTL,,,,,,,,,,,,,
Post-demographic dividend,PST,Wholesale price index (2010 = 100),FP.WPI.TOTL,,,,,,,,,,,,,
French Polynesia,PYF,Wholesale price index (2010 = 100),FP.WPI.TOTL,,,,,,,,,,,,,
Qatar,QAT,Wholesale price index (2010 = 100),FP.WPI.TOTL,,,,,,,,,,,,,
Romania,ROU,Wholesale price index (2010 = 100),FP.WPI.TOTL,,,,,,,,,,,,,
Russian Federation,RUS,Wholesale price index (2010 = 100),FP.WPI.TOTL,,,,,,,,,,,,,
Rwanda,RWA,Wholesale price index (2010 = 100),FP.WPI.TOTL,,,,,,,,,,,,,
South Asia,SAS,Wholesale price index (2010 = 100),FP.WPI.TOTL,,,,,,,,,,,,,
Saudi Arabia,SAU,Wholesale price index (2010 = 100),FP.WPI.TOTL,90.69330601,98.83879781,95.83333333,100,104.2520492,106.8476776,108.1454918,108.6919399,108.3558823,111.2078309,109.7636913,127.3385976,
Sudan,SDN,Wholesale price index (2010 = 100),FP.WPI.TOTL,,,,,,,,,,,,,
Senegal,SEN,Wholesale price index (2010 = 100),FP.WPI.TOTL,,,,,,,,,,,,,
Singapore,SGP,Wholesale price index (2010 = 100),FP.WPI.TOTL,103.1282139,110.9016112,95.48337333,100,108.416181,108.930408,106.0165195,102.4944364,86.781225,80.7718975,86.45443378,104.8455177,105.3928022
Solomon Islands,SLB,Wholesale price index (2010 = 100),FP.WPI.TOTL,,,,,,,,,,,,,
Sierra Leone,SLE,Wholesale price index (2010 = 100),FP.WPI.TOTL,,,,,,,,,,,,,
El Salvador,SLV,Wholesale price index (2010 = 100),FP.WPI.TOTL,95.82057867,106.173662,95.32552983,100,114.4379235,112.0936628,108.554247,110.8436637,111.345097,108.445562,,,
San Marino,SMR,Wholesale price index (2010 = 100),FP.WPI.TOTL,,,,,,,,,,,,,
Somalia,SOM,Wholesale price index (2010 = 100),FP.WPI.TOTL,,,,,,,,,,,,,
Serbia,SRB,Wholesale price index (2010 = 100),FP.WPI.TOTL,,,,,,,,,,,,,
Sub-Saharan Africa (excluding high income),SSA,Wholesale price index (2010 = 100),FP.WPI.TOTL,,,,,,,,,,,,,
South Sudan,SSD,Wholesale price index (2010 = 100),FP.WPI.TOTL,,,,,,,,,,,,,
Sub-Saharan Africa,SSF,Wholesale price index (2010 = 100),FP.WPI.TOTL,,,,,,,,,,,,,
Small states,SST,Wholesale price index (2010 = 100),FP.WPI.TOTL,,,,,,,,,,,,,
Sao Tome and Principe,STP,Wholesale price index (2010 = 100),FP.WPI.TOTL,,,,,,,,,,,,,
Suriname,SUR,Wholesale price index (2010 = 100),FP.WPI.TOTL,,,,,,,,,,,,,
Slovak Republic,SVK,Wholesale price index (2010 = 100),FP.WPI.TOTL,,,,,,,,,,,,,
Slovenia,SVN,Wholesale price index (2010 = 100),FP.WPI.TOTL,,,,,,,,,,,,,
Sweden,SWE,Wholesale price index (2010 = 100),FP.WPI.TOTL,,,,,,,,,,,,,
Eswatini,SWZ,Wholesale price index (2010 = 100),FP.WPI.TOTL,,,,,,,,,,,,,
Sint Maarten (Dutch part),SXM,Wholesale price index (2010 = 100),FP.WPI.TOTL,,,,,,,,,,,,,
Seychelles,SYC,Wholesale price index (2010 = 100),FP.WPI.TOTL,,,,,,,,,,,,,
Syrian Arab Republic,SYR,Wholesale price index (2010 = 100),FP.WPI.TOTL,108,115,145,,,,,,,,,,
Turks and Caicos Islands,TCA,Wholesale price index (2010 = 100),FP.WPI.TOTL,,,,,,,,,,,,,
Chad,TCD,Wholesale price index (2010 = 100),FP.WPI.TOTL,,,,,,,,,,,,,
East Asia & Pacific (IDA & IBRD countries),TEA,Wholesale price index (2010 = 100),FP.WPI.TOTL,,,,,,,,,,,,,
Europe & Central Asia (IDA & IBRD countries),TEC,Wholesale price index (2010 = 100),FP.WPI.TOTL,,,,,,,,,,,,,
Togo,TGO,Wholesale price index (2010 = 100),FP.WPI.TOTL,,,,,,,,,,,,,
Thailand,THA,Wholesale price index (2010 = 100),FP.WPI.TOTL,,,,,,,,,,,,,
Tajikistan,TJK,Wholesale price index (2010 = 100),FP.WPI.TOTL,,,,,,,,,,,,,
Turkmenistan,TKM,Wholesale price index (2010 = 100),FP.WPI.TOTL,,,,,,,,,,,,,
Latin America & the Caribbean (IDA & IBRD countries),TLA,Wholesale price index (2010 = 100),FP.WPI.TOTL,,,,,,,,,,,,,
Timor-Leste,TLS,Wholesale price index (2010 = 100),FP.WPI.TOTL,,,,,,,,,,,,,
Middle East & North Africa (IDA & IBRD countries),TMN,Wholesale price index (2010 = 100),FP.WPI.TOTL,,,,,,,,,,,,,
Tonga,TON,Wholesale price index (2010 = 100),FP.WPI.TOTL,,,,,,,,,,,,,
South Asia (IDA & IBRD),TSA,Wholesale price index (2010 = 100),FP.WPI.TOTL,,,,,,,,,,,,,
Sub-Saharan Africa (IDA & IBRD countries),TSS,Wholesale price index (2010 = 100),FP.WPI.TOTL,,,,,,,,,,,,,
Trinidad and Tobago,TTO,Wholesale price index (2010 = 100),FP.WPI.TOTL,,,,,,,,,,,,,
Tunisia,TUN,Wholesale price index (2010 = 100),FP.WPI.TOTL,,,,,,,,,,,,,
Turkey,TUR,Wholesale price index (2010 = 100),FP.WPI.TOTL,80.75843975,91.02859546,92.15248919,100,111.0852868,117.8529188,123.1343125,,,,,,
Tuvalu,TUV,Wholesale price index (2010 = 100),FP.WPI.TOTL,,,,,,,,,,,,,
Tanzania,TZA,Wholesale price index (2010 = 100),FP.WPI.TOTL,,,,,,,,,,,,,
Uganda,UGA,Wholesale price index (2010 = 100),FP.WPI.TOTL,,,,,,,,,,,,,
Ukraine,UKR,Wholesale price index (2010 = 100),FP.WPI.TOTL,,,,,,,,,,,,,
Upper middle income,UMC,Wholesale price index (2010 = 100),FP.WPI.TOTL,,,,,,,,,,,,,
Uruguay,URY,Wholesale price index (2010 = 100),FP.WPI.TOTL,77.82375199,91.00657214,92.92902774,100,115.9300801,123.3804944,127.6462926,141.5916578,151.2672959,156.3376949,,,
United States,USA,Wholesale price index (2010 = 100),FP.WPI.TOTL,,,,,,,,,,,,,
Uzbekistan,UZB,Wholesale price index (2010 = 100),FP.WPI.TOTL,,,,,,,,,,,,,
St. Vincent and the Grenadines,VCT,Wholesale price index (2010 = 100),FP.WPI.TOTL,,,,,,,,,,,,,
"Venezuela, RB",VEN,Wholesale price index (2010 = 100),FP.WPI.TOTL,49.10926923,61.05564365,78.94228384,100,122.1080406,141.3765381,194.4413347,305.7180116,751.6161404,4005.102188,,,
British Virgin Islands,VGB,Wholesale price index (2010 = 100),FP.WPI.TOTL,,,,,,,,,,,,,
Virgin Islands (U.S.),VIR,Wholesale price index (2010 = 100),FP.WPI.TOTL,,,,,,,,,,,,,
Vietnam,VNM,Wholesale price index (2010 = 100),FP.WPI.TOTL,,,,,,,,,,,,,
Vanuatu,VUT,Wholesale price index (2010 = 100),FP.WPI.TOTL,,,,,,,,,,,,,
World,WLD,Wholesale price index (2010 = 100),FP.WPI.TOTL,110.0352391,120.3108947,115.4908661,,,,,,,,,,
Samoa,WSM,Wholesale price index (2010 = 100),FP.WPI.TOTL,,,,,,,,,,,,,
Kosovo,XKX,Wholesale price index (2010 = 100),FP.WPI.TOTL,,,,,,,,,,,,,
"Yemen, Rep.",YEM,Wholesale price index (2010 = 100),FP.WPI.TOTL,,,,,,,,,,,,,
South Africa,ZAF,Wholesale price index (2010 = 100),FP.WPI.TOTL,,,,,,,,,,,,,
Zambia,ZMB,Wholesale price index (2010 = 100),FP.WPI.TOTL,,,,,,,,,,,,,
Zimbabwe,ZWE,Wholesale price index (2010 = 100),FP.WPI.TOTL,,,,,,,,,,,,,